,Date,Close,y_pred
0,2018-01-02,4.983749866485596,0.0
1,2018-01-03,5.3117499351501465,0.0
2,2018-01-04,5.339749813079834,0.0
3,2018-01-05,5.385000228881836,0.0
4,2018-01-08,5.550000190734863,0.0
5,2018-01-09,5.548500061035156,0.0
6,2018-01-10,5.5920000076293945,0.0
7,2018-01-11,5.6020002365112305,0.0
8,2018-01-12,5.57450008392334,0.0
9,2018-01-16,5.502749919891357,0.0
10,2018-01-17,5.618000030517578,0.0
11,2018-01-18,5.611000061035156,0.0
12,2018-01-19,5.752749919891357,0.0
13,2018-01-22,5.842249870300293,0.0
14,2018-01-23,5.972750186920166,0.0
15,2018-01-24,5.894999980926514,0.0
16,2018-01-25,5.908750057220459,0.0
17,2018-01-26,6.083250045776367,0.0
18,2018-01-29,6.171249866485596,0.0
19,2018-01-30,6.067999839782715,0.0
20,2018-01-31,6.144999980926514,0.0
21,2018-02-01,6.012499809265137,0.0
22,2018-02-02,5.8379998207092285,0.0
23,2018-02-05,5.34250020980835,0.0
24,2018-02-06,5.639500141143799,0.0
25,2018-02-07,5.71999979019165,0.0
26,2018-02-08,5.438000202178955,0.0
27,2018-02-09,5.802000045776367,0.0
28,2018-02-12,5.70074987411499,0.0
29,2018-02-13,5.8157501220703125,0.0
30,2018-02-14,6.0355000495910645,0.0
31,2018-02-15,6.162499904632568,0.0
32,2018-02-16,6.0960001945495605,0.0
33,2018-02-20,6.2270002365112305,0.0
34,2018-02-21,6.037749767303467,0.0
35,2018-02-22,6.053750038146973,0.0
36,2018-02-23,6.148250102996826,0.0
37,2018-02-26,6.1645002365112305,0.0
38,2018-02-27,6.151500225067139,0.0
39,2018-02-28,6.050000190734863,0.0
40,2018-03-01,5.80525016784668,0.0
41,2018-03-02,5.91349983215332,0.0
42,2018-03-05,5.891250133514404,0.0
43,2018-03-06,6.053999900817871,0.0
44,2018-03-07,6.046000003814697,0.0
45,2018-03-08,6.0295000076293945,0.0
46,2018-03-09,6.1332502365112305,0.0
47,2018-03-12,6.24399995803833,0.0
48,2018-03-13,6.192749977111816,0.0
49,2018-03-14,6.218500137329102,0.0
50,2018-03-15,6.233500003814697,0.0
51,2018-03-16,6.26200008392334,0.0
52,2018-03-19,6.025000095367432,0.0
53,2018-03-20,6.239500045776367,0.0
54,2018-03-21,6.214000225067139,0.0
55,2018-03-22,6.046249866485596,0.0
56,2018-03-23,5.824250221252441,0.0
57,2018-03-26,6.111999988555908,0.0
58,2018-03-27,5.638000011444092,0.0
59,2018-03-28,5.533750057220459,0.0
60,2018-03-29,5.789750099182129,0.0
61,2018-04-02,5.526249885559082,0.0
62,2018-04-03,5.633749961853027,0.0
63,2018-04-04,5.656000137329102,0.0
64,2018-04-05,5.5345001220703125,0.0
65,2018-04-06,5.356249809265137,0.0
66,2018-04-09,5.385250091552734,0.0
67,2018-04-10,5.697750091552734,0.0
68,2018-04-11,5.656000137329102,0.0
69,2018-04-12,5.864999771118164,0.0
70,2018-04-13,5.787499904632568,0.0
71,2018-04-16,5.78725004196167,0.0
72,2018-04-17,5.938499927520752,0.0
73,2018-04-18,5.909249782562256,0.0
74,2018-04-19,5.72599983215332,0.0
75,2018-04-20,5.717750072479248,0.0
76,2018-04-23,5.5970001220703125,0.0
77,2018-04-24,5.53000020980835,0.0
78,2018-04-25,5.416500091552734,0.0
79,2018-04-26,5.630499839782715,0.0
80,2018-04-27,5.658249855041504,0.0
81,2018-04-30,5.622499942779541,0.0
82,2018-05-01,5.678500175476074,0.0
83,2018-05-02,5.657750129699707,0.0
84,2018-05-03,5.824749946594238,0.0
85,2018-05-04,5.976500034332275,0.0
86,2018-05-07,6.2170000076293945,0.0
87,2018-05-08,6.260000228881836,0.0
88,2018-05-09,6.394499778747559,0.0
89,2018-05-10,6.5032501220703125,0.0
90,2018-05-11,6.363249778747559,0.0
91,2018-05-14,6.383999824523926,0.0
92,2018-05-15,6.138999938964844,0.0
93,2018-05-16,6.15024995803833,0.0
94,2018-05-17,6.192749977111816,0.0
95,2018-05-18,6.148499965667725,0.0
96,2018-05-21,6.105999946594238,0.0
97,2018-05-22,6.067500114440918,0.0
98,2018-05-23,6.188499927520752,0.0
99,2018-05-24,6.192249774932861,0.0
100,2018-05-25,6.23199987411499,0.0
101,2018-05-29,6.214749813079834,0.0
102,2018-05-30,6.324749946594238,0.0
103,2018-05-31,6.304749965667725,0.0
104,2018-06-01,6.440499782562256,0.0
105,2018-06-04,6.621250152587891,0.0
106,2018-06-05,6.6267499923706055,0.0
107,2018-06-06,6.628749847412109,0.0
108,2018-06-07,6.572500228881836,0.0
109,2018-06-08,6.557000160217285,0.0
110,2018-06-11,6.515500068664551,0.0
111,2018-06-12,6.564499855041504,0.0
112,2018-06-13,6.559999942779541,0.0
113,2018-06-14,6.672749996185303,0.0
114,2018-06-15,6.631499767303467,0.0
115,2018-06-18,6.6272501945495605,0.0
116,2018-06-19,6.5042500495910645,0.0
117,2018-06-20,6.557750225067139,0.0
118,2018-06-21,6.427750110626221,0.0
119,2018-06-22,6.273749828338623,0.0
120,2018-06-25,5.978000164031982,0.0
121,2018-06-26,6.049749851226807,0.0
122,2018-06-27,5.89300012588501,0.0
123,2018-06-28,6.021500110626221,0.0
124,2018-06-29,5.922500133514404,0.0
125,2018-07-02,6.056000232696533,0.0
126,2018-07-03,5.921000003814697,0.0
127,2018-07-05,6.0682501792907715,0.0
128,2018-07-06,6.1832499504089355,0.0
129,2018-07-09,6.231249809265137,0.0
130,2018-07-10,6.331250190734863,0.0
131,2018-07-11,6.1882500648498535,0.0
132,2018-07-12,6.280749797821045,0.0
133,2018-07-13,6.232999801635742,0.0
134,2018-07-16,6.204999923706055,0.0
135,2018-07-17,6.342249870300293,0.0
136,2018-07-18,6.292500019073486,0.0
137,2018-07-19,6.300749778747559,0.0
138,2018-07-20,6.272250175476074,0.0
139,2018-07-23,6.235249996185303,0.0
140,2018-07-24,6.217750072479248,0.0
141,2018-07-25,6.296750068664551,0.0
142,2018-07-26,6.370999813079834,0.0
143,2018-07-27,6.30049991607666,0.0
144,2018-07-30,6.103250026702881,0.0
145,2018-07-31,6.121500015258789,0.0
146,2018-08-01,6.161749839782715,0.0
147,2018-08-02,6.265500068664551,0.0
148,2018-08-03,6.302499771118164,0.0
149,2018-08-06,6.350749969482422,0.0
150,2018-08-07,6.423749923706055,0.0
151,2018-08-08,6.4604997634887695,0.0
152,2018-08-09,6.411499977111816,0.0
153,2018-08-10,6.369750022888184,0.0
154,2018-08-13,6.4029998779296875,0.0
155,2018-08-14,6.535749912261963,0.0
156,2018-08-15,6.4770002365112305,0.0
157,2018-08-16,6.435999870300293,0.0
158,2018-08-17,6.120500087738037,0.0
159,2018-08-20,6.196000099182129,0.0
160,2018-08-21,6.333000183105469,0.0
161,2018-08-22,6.570499897003174,0.0
162,2018-08-23,6.671000003814697,0.0
163,2018-08-24,6.805500030517578,0.0
164,2018-08-27,6.897500038146973,0.0
165,2018-08-28,6.859499931335449,0.0
166,2018-08-29,6.962250232696533,0.0
167,2018-08-30,6.945250034332275,0.0
168,2018-08-31,7.017000198364258,0.0
169,2018-09-04,7.09250020980835,0.0
170,2018-09-05,6.9604997634887695,0.0
171,2018-09-06,6.817999839782715,0.0
172,2018-09-07,6.796500205993652,0.0
173,2018-09-10,6.868249893188477,0.0
174,2018-09-11,6.820000171661377,0.0
175,2018-09-12,6.704999923706055,0.0
176,2018-09-13,6.7835001945495605,0.0
177,2018-09-14,6.910749912261963,0.0
178,2018-09-17,6.848249912261963,0.0
179,2018-09-18,6.7754998207092285,0.0
180,2018-09-19,6.799499988555908,0.0
181,2018-09-20,6.6570000648498535,0.0
182,2018-09-21,6.586249828338623,0.0
183,2018-09-24,6.642499923706055,0.0
184,2018-09-25,6.710249900817871,0.0
185,2018-09-26,6.672999858856201,0.0
186,2018-09-27,6.684999942779541,0.0
187,2018-09-28,7.0254998207092285,0.0
188,2018-10-01,7.234000205993652,0.0
189,2018-10-02,7.1620001792907715,0.0
190,2018-10-03,7.16825008392334,0.0
191,2018-10-04,6.982250213623047,0.0
192,2018-10-05,6.746500015258789,0.0
193,2018-10-08,6.64424991607666,0.0
194,2018-10-09,6.638500213623047,0.0
195,2018-10-10,6.142250061035156,0.0
196,2018-10-11,5.8782501220703125,0.0
197,2018-10-12,6.16349983215332,0.0
198,2018-10-15,5.884500026702881,0.0
199,2018-10-16,6.145750045776367,0.0
200,2018-10-17,6.076499938964844,0.0
201,2018-10-18,5.988249778747559,0.0
202,2018-10-19,5.729249954223633,0.0
203,2018-10-22,5.7804999351501465,0.0
204,2018-10-23,5.526500225067139,0.0
205,2018-10-24,4.985249996185303,0.0
206,2018-10-25,5.196000099182129,0.0
207,2018-10-26,4.957250118255615,0.0
208,2018-10-29,4.640500068664551,0.0
209,2018-10-30,5.074999809265137,0.0
210,2018-10-31,5.270750045776367,0.0
211,2018-11-01,5.452750205993652,0.0
212,2018-11-02,5.373000144958496,0.0
213,2018-11-05,5.294250011444092,0.0
214,2018-11-06,5.276500225067139,0.0
215,2018-11-07,5.344749927520752,0.0
216,2018-11-08,5.149750232696533,0.0
217,2018-11-09,5.141749858856201,0.0
218,2018-11-12,4.738500118255615,0.0
219,2018-11-13,4.982749938964844,0.0
220,2018-11-14,4.929749965667725,0.0
221,2018-11-15,5.059750080108643,0.0
222,2018-11-16,4.110750198364258,0.0
223,2018-11-19,3.617500066757202,0.0
224,2018-11-20,3.7269999980926514,0.0
225,2018-11-21,3.6177499294281006,0.0
226,2018-11-23,3.625,0.0
227,2018-11-26,3.8262500762939453,0.0
228,2018-11-27,3.843250036239624,0.0
229,2018-11-28,4.0017499923706055,0.0
230,2018-11-29,3.934000015258789,0.0
231,2018-11-30,4.085750102996826,0.0
232,2018-12-03,4.250999927520752,0.0
233,2018-12-04,3.9277501106262207,0.0
234,2018-12-06,3.9572501182556152,0.0
235,2018-12-07,3.6902499198913574,0.0
236,2018-12-10,3.7964999675750732,0.0
237,2018-12-11,3.7047500610351562,0.0
238,2018-12-12,3.7225000858306885,0.0
239,2018-12-13,3.722249984741211,0.0
240,2018-12-14,3.661250114440918,0.0
241,2018-12-17,3.5894999504089355,0.0
242,2018-12-18,3.6735000610351562,0.0
243,2018-12-19,3.46274995803833,0.0
244,2018-12-20,3.377500057220459,0.0
245,2018-12-21,3.2392499446868896,0.0
246,2018-12-24,3.177000045776367,0.0
247,2018-12-26,3.327500104904175,0.0
248,2018-12-27,3.279249906539917,0.0
249,2018-12-28,3.341249942779541,0.0
250,2018-12-31,3.3375000953674316,0.0
251,2019-01-02,3.4054999351501465,0.0
252,2019-01-03,3.1997499465942383,0.0
253,2019-01-04,3.404750108718872,0.0
254,2019-01-07,3.5850000381469727,0.0
255,2019-01-08,3.4957499504089355,0.0
256,2019-01-09,3.564500093460083,0.0
257,2019-01-10,3.6307499408721924,0.0
258,2019-01-11,3.720750093460083,0.0
259,2019-01-14,3.760999917984009,0.0
260,2019-01-15,3.7467501163482666,0.0
261,2019-01-16,3.7209999561309814,0.0
262,2019-01-17,3.7929999828338623,0.0
263,2019-01-18,3.9232499599456787,0.0
264,2019-01-22,3.719249963760376,0.0
265,2019-01-23,3.7322499752044678,0.0
266,2019-01-24,3.946000099182129,0.0
267,2019-01-25,4.003749847412109,0.0
268,2019-01-28,3.4502499103546143,0.0
269,2019-01-29,3.2899999618530273,0.0
270,2019-01-30,3.4347500801086426,0.0
271,2019-01-31,3.59375,0.0
272,2019-02-01,3.6182498931884766,0.0
273,2019-02-04,3.7295000553131104,0.0
274,2019-02-05,3.7487499713897705,0.0
275,2019-02-06,3.825000047683716,0.0
276,2019-02-07,3.685499906539917,0.0
277,2019-02-08,3.7042500972747803,0.0
278,2019-02-11,3.661250114440918,0.0
279,2019-02-12,3.779249906539917,0.0
280,2019-02-13,3.822000026702881,0.0
281,2019-02-14,3.8632500171661377,0.0
282,2019-02-15,3.933500051498413,0.0
283,2019-02-19,3.9159998893737793,0.0
284,2019-02-20,3.963749885559082,0.0
285,2019-02-21,3.89424991607666,0.0
286,2019-02-22,3.979749917984009,0.0
287,2019-02-25,3.967250108718872,0.0
288,2019-02-26,3.927500009536743,0.0
289,2019-02-27,3.8852500915527344,0.0
290,2019-02-28,3.8564999103546143,0.0
291,2019-03-01,3.911250114440918,0.0
292,2019-03-04,3.9195001125335693,0.0
293,2019-03-05,3.9130001068115234,0.0
294,2019-03-06,3.8012499809265137,0.0
295,2019-03-07,3.7314999103546143,0.0
296,2019-03-08,3.7660000324249268,0.0
297,2019-03-11,4.028500080108643,0.0
298,2019-03-12,4.063000202178955,0.0
299,2019-03-13,4.2154998779296875,0.0
300,2019-03-14,4.138999938964844,0.0
301,2019-03-15,4.245250225067139,0.0
302,2019-03-18,4.223750114440918,0.0
303,2019-03-19,4.392749786376953,0.0
304,2019-03-20,4.360000133514404,0.0
305,2019-03-21,4.598499774932861,0.0
306,2019-03-22,4.4375,0.0
307,2019-03-25,4.3445000648498535,0.0
308,2019-03-26,4.421750068664551,0.0
309,2019-03-27,4.412499904632568,0.0
310,2019-03-28,4.431250095367432,0.0
311,2019-03-29,4.488999843597412,0.0
312,2019-04-01,4.557000160217285,0.0
313,2019-04-02,4.574999809265137,0.0
314,2019-04-03,4.7154998779296875,0.0
315,2019-04-04,4.706500053405762,0.0
316,2019-04-05,4.773749828338623,0.0
317,2019-04-08,4.794750213623047,0.0
318,2019-04-09,4.731500148773193,0.0
319,2019-04-10,4.802499771118164,0.0
320,2019-04-11,4.78849983215332,0.0
321,2019-04-12,4.750249862670898,0.0
322,2019-04-15,4.617499828338623,0.0
323,2019-04-16,4.705249786376953,0.0
324,2019-04-17,4.682250022888184,0.0
325,2019-04-18,4.65749979019165,0.0
326,2019-04-22,4.711750030517578,0.0
327,2019-04-23,4.766749858856201,0.0
328,2019-04-24,4.779250144958496,0.0
329,2019-04-25,4.672749996185303,0.0
330,2019-04-26,4.452250003814697,0.0
331,2019-04-29,4.483250141143799,0.0
332,2019-04-30,4.525000095367432,0.0
333,2019-05-01,4.511750221252441,0.0
334,2019-05-02,4.579750061035156,0.0
335,2019-05-03,4.575250148773193,0.0
336,2019-05-06,4.496250152587891,0.0
337,2019-05-07,4.327750205993652,0.0
338,2019-05-08,4.3480000495910645,0.0
339,2019-05-09,4.254749774932861,0.0
340,2019-05-10,4.2204999923706055,0.0
341,2019-05-13,3.961250066757202,0.0
342,2019-05-14,4.051000118255615,0.0
343,2019-05-15,3.989500045776367,0.0
344,2019-05-16,4.004749774932861,0.0
345,2019-05-17,3.913249969482422,0.0
346,2019-05-20,3.793750047683716,0.0
347,2019-05-21,3.876499891281128,0.0
348,2019-05-22,3.805000066757202,0.0
349,2019-05-23,3.683000087738037,0.0
350,2019-05-24,3.6287500858306885,0.0
351,2019-05-28,3.583250045776367,0.0
352,2019-05-29,3.508500099182129,0.0
353,2019-05-30,3.477750062942505,0.0
354,2019-05-31,3.3864998817443848,0.0
355,2019-06-03,3.3445000648498535,0.0
356,2019-06-04,3.575000047683716,0.0
357,2019-06-05,3.5320000648498535,0.0
358,2019-06-06,3.5945000648498535,0.0
359,2019-06-07,3.637500047683716,0.0
360,2019-06-10,3.710750102996826,0.0
361,2019-06-11,3.768749952316284,0.0
362,2019-06-12,3.6549999713897705,0.0
363,2019-06-13,3.7065000534057617,0.0
364,2019-06-14,3.615999937057495,0.0
365,2019-06-17,3.6257500648498535,0.0
366,2019-06-18,3.822000026702881,0.0
367,2019-06-19,3.828000068664551,0.0
368,2019-06-20,3.8524999618530273,0.0
369,2019-06-21,3.7939999103546143,0.0
370,2019-06-24,3.816499948501587,0.0
371,2019-06-25,3.7869999408721924,0.0
372,2019-06-26,3.9814999103546143,0.0
373,2019-06-27,4.080749988555908,0.0
374,2019-06-28,4.10575008392334,0.0
375,2019-07-01,4.154250144958496,0.0
376,2019-07-02,4.055749893188477,0.0
377,2019-07-03,4.068749904632568,0.0
378,2019-07-05,4.0057501792907715,0.0
379,2019-07-08,3.9302499294281006,0.0
380,2019-07-09,3.9327499866485596,0.0
381,2019-07-10,4.001500129699707,0.0
382,2019-07-11,4.1570000648498535,0.0
383,2019-07-12,4.190249919891357,0.0
384,2019-07-15,4.1817498207092285,0.0
385,2019-07-16,4.177000045776367,0.0
386,2019-07-17,4.24275016784668,0.0
387,2019-07-18,4.254499912261963,0.0
388,2019-07-19,4.210999965667725,0.0
389,2019-07-22,4.2829999923706055,0.0
390,2019-07-23,4.391499996185303,0.0
391,2019-07-24,4.4664998054504395,0.0
392,2019-07-25,4.334499835968018,0.0
393,2019-07-26,4.3767499923706055,0.0
394,2019-07-29,4.370500087738037,0.0
395,2019-07-30,4.386250019073486,0.0
396,2019-07-31,4.2179999351501465,0.0
397,2019-08-01,4.123000144958496,0.0
398,2019-08-02,4.029749870300293,0.0
399,2019-08-05,3.7697501182556152,0.0
400,2019-08-06,3.8087499141693115,0.0
401,2019-08-07,3.847249984741211,0.0
402,2019-08-08,3.9565000534057617,0.0
403,2019-08-09,3.8545000553131104,0.0
404,2019-08-12,3.786250114440918,0.0
405,2019-08-13,3.901249885559082,0.0
406,2019-08-14,3.7517499923706055,0.0
407,2019-08-15,3.719249963760376,0.0
408,2019-08-16,3.989000082015991,0.0
409,2019-08-19,4.269499778747559,0.0
410,2019-08-20,4.196750164031982,0.0
411,2019-08-21,4.280749797821045,0.0
412,2019-08-22,4.2870001792907715,0.0
413,2019-08-23,4.060999870300293,0.0
414,2019-08-26,4.136250019073486,0.0
415,2019-08-27,4.045000076293945,0.0
416,2019-08-28,4.0304999351501465,0.0
417,2019-08-29,4.175000190734863,0.0
418,2019-08-30,4.187749862670898,0.0
419,2019-09-03,4.104249954223633,0.0
420,2019-09-04,4.218999862670898,0.0
421,2019-09-05,4.493500232696533,0.0
422,2019-09-06,4.466249942779541,0.0
423,2019-09-09,4.512499809265137,0.0
424,2019-09-10,4.579500198364258,0.0
425,2019-09-11,4.608250141143799,0.0
426,2019-09-12,4.606750011444092,0.0
427,2019-09-13,4.548500061035156,0.0
428,2019-09-16,4.505249977111816,0.0
429,2019-09-17,4.526750087738037,0.0
430,2019-09-18,4.499499797821045,0.0
431,2019-09-19,4.423500061035156,0.0
432,2019-09-20,4.317249774932861,0.0
433,2019-09-23,4.370999813079834,0.0
434,2019-09-24,4.3132500648498535,0.0
435,2019-09-25,4.455749988555908,0.0
436,2019-09-26,4.433499813079834,0.0
437,2019-09-27,4.294000148773193,0.0
438,2019-09-30,4.351749897003174,0.0
439,2019-10-01,4.349999904632568,0.0
440,2019-10-02,4.326000213623047,0.0
441,2019-10-03,4.532750129699707,0.0
442,2019-10-04,4.54925012588501,0.0
443,2019-10-07,4.608250141143799,0.0
444,2019-10-08,4.430749893188477,0.0
445,2019-10-09,4.517749786376953,0.0
446,2019-10-10,4.57574987411499,0.0
447,2019-10-11,4.649750232696533,0.0
448,2019-10-14,4.663249969482422,0.0
449,2019-10-15,4.909249782562256,0.0
450,2019-10-16,4.855249881744385,0.0
451,2019-10-17,4.857250213623047,0.0
452,2019-10-18,4.762249946594238,0.0
453,2019-10-21,4.90024995803833,0.0
454,2019-10-22,4.890250205993652,0.0
455,2019-10-23,4.8772501945495605,0.0
456,2019-10-24,4.921500205993652,0.0
457,2019-10-25,5.113500118255615,0.0
458,2019-10-28,5.169750213623047,0.0
459,2019-10-29,5.072999954223633,0.0
460,2019-10-30,5.074999809265137,0.0
461,2019-10-31,5.0254998207092285,0.0
462,2019-11-01,5.0647501945495605,0.0
463,2019-11-04,5.262499809265137,0.0
464,2019-11-05,5.240250110626221,0.0
465,2019-11-06,5.1907501220703125,0.0
466,2019-11-07,5.208499908447266,0.0
467,2019-11-08,5.194499969482422,0.0
468,2019-11-11,5.204500198364258,0.0
469,2019-11-12,5.240250110626221,0.0
470,2019-11-13,5.214250087738037,0.0
471,2019-11-14,5.244750022888184,0.0
472,2019-11-15,5.104750156402588,0.0
473,2019-11-18,5.307000160217285,0.0
474,2019-11-19,5.199749946594238,0.0
475,2019-11-20,5.2795000076293945,0.0
476,2019-11-21,5.254499912261963,0.0
477,2019-11-22,5.272250175476074,0.0
478,2019-11-25,5.530250072479248,0.0
479,2019-11-26,5.425000190734863,0.0
480,2019-11-27,5.455999851226807,0.0
481,2019-11-29,5.418499946594238,0.0
482,2019-12-02,5.231249809265137,0.0
483,2019-12-03,5.191500186920166,0.0
484,2019-12-04,5.235499858856201,0.0
485,2019-12-05,5.218500137329102,0.0
486,2019-12-06,5.3042497634887695,0.0
487,2019-12-09,5.3042497634887695,0.0
488,2019-12-10,5.3495001792907715,0.0
489,2019-12-11,5.433499813079834,0.0
490,2019-12-12,5.601749897003174,0.0
491,2019-12-13,5.59975004196167,0.0
492,2019-12-16,5.628749847412109,0.0
493,2019-12-17,5.707250118255615,0.0
494,2019-12-18,5.737750053405762,0.0
495,2019-12-19,5.886499881744385,0.0
496,2019-12-20,5.984250068664551,0.0
497,2019-12-23,5.9704999923706055,0.0
498,2019-12-24,5.9654998779296875,0.0
499,2019-12-26,5.979750156402588,0.0
500,2019-12-27,5.921750068664551,0.0
501,2019-12-30,5.808000087738037,0.0
502,2019-12-31,5.882500171661377,0.0
503,2020-01-02,5.9977498054504395,0.0
504,2020-01-03,5.901750087738037,0.0
505,2020-01-06,5.926499843597412,0.0
506,2020-01-07,5.9982500076293945,0.0
507,2020-01-08,6.009500026702881,0.0
508,2020-01-09,6.075500011444092,0.0
509,2020-01-10,6.107999801635742,0.0
510,2020-01-13,6.299499988555908,0.0
511,2020-01-14,6.182000160217285,0.0
512,2020-01-15,6.139249801635742,0.0
513,2020-01-16,6.223249912261963,0.0
514,2020-01-17,6.23199987411499,0.0
515,2020-01-21,6.198500156402588,0.0
516,2020-01-22,6.252749919891357,0.0
517,2020-01-23,6.321499824523926,0.0
518,2020-01-24,6.26200008392334,0.0
519,2020-01-27,6.005000114440918,0.0
520,2020-01-28,6.199250221252441,0.0
521,2020-01-29,6.138500213623047,0.0
522,2020-01-30,6.145249843597412,0.0
523,2020-01-31,5.910749912261963,0.0
524,2020-02-03,6.0082502365112305,0.0
525,2020-02-04,6.178249835968018,0.0
526,2020-02-05,6.269000053405762,0.0
527,2020-02-06,6.356249809265137,0.0
528,2020-02-07,6.289750099182129,0.0
529,2020-02-10,6.574250221252441,0.0
530,2020-02-11,6.697249889373779,0.0
531,2020-02-12,6.813499927520752,0.0
532,2020-02-13,6.769499778747559,0.0
533,2020-02-14,7.244750022888184,0.0
534,2020-02-18,7.414249897003174,0.0
535,2020-02-19,7.867499828338623,0.0
536,2020-02-20,7.71750020980835,0.0
537,2020-02-21,7.351749897003174,0.0
538,2020-02-24,6.831999778747559,0.0
539,2020-02-25,6.551249980926514,0.0
540,2020-02-26,6.691249847412109,0.0
541,2020-02-27,6.315000057220459,0.0
542,2020-02-28,6.7517499923706055,0.0
543,2020-03-02,6.910749912261963,0.0
544,2020-03-03,6.647250175476074,0.0
545,2020-03-04,7.112750053405762,0.0
546,2020-03-05,6.832250118255615,0.0
547,2020-03-06,6.651000022888184,0.0
548,2020-03-09,6.136000156402588,0.0
549,2020-03-10,6.5269999504089355,0.0
550,2020-03-11,6.161749839782715,0.0
551,2020-03-12,5.407750129699707,0.0
552,2020-03-13,6.020999908447266,0.0
553,2020-03-16,4.909999847412109,0.0
554,2020-03-17,5.4317498207092285,0.0
555,2020-03-18,5.070499897003174,0.0
556,2020-03-19,5.324250221252441,0.0
557,2020-03-20,5.143750190734863,0.0
558,2020-03-23,5.317249774932861,0.0
559,2020-03-24,6.229499816894531,0.0
560,2020-03-25,6.140500068664551,0.0
561,2020-03-26,6.431000232696533,0.0
562,2020-03-27,6.3182501792907715,0.0
563,2020-03-30,6.639750003814697,0.0
564,2020-03-31,6.590000152587891,0.0
565,2020-04-01,6.076749801635742,0.0
566,2020-04-02,6.386750221252441,0.0
567,2020-04-03,6.097750186920166,0.0
568,2020-04-06,6.710000038146973,0.0
569,2020-04-07,6.475749969482422,0.0
570,2020-04-08,6.673749923706055,0.0
571,2020-04-09,6.573750019073486,0.0
572,2020-04-13,6.746250152587891,0.0
573,2020-04-14,7.098750114440918,0.0
574,2020-04-15,7.020999908447266,0.0
575,2020-04-16,7.367499828338623,0.0
576,2020-04-17,7.308000087738037,0.0
577,2020-04-20,7.176249980926514,0.0
578,2020-04-21,6.737750053405762,0.0
579,2020-04-22,7.153749942779541,0.0
580,2020-04-23,7.100249767303467,0.0
581,2020-04-24,7.239749908447266,0.0
582,2020-04-27,7.427000045776367,0.0
583,2020-04-28,7.283999919891357,0.0
584,2020-04-29,7.46150016784668,0.0
585,2020-04-30,7.307000160217285,0.0
586,2020-05-01,7.069499969482422,0.0
587,2020-05-04,7.282249927520752,0.0
588,2020-05-05,7.343500137329102,0.0
589,2020-05-06,7.44474983215332,0.0
590,2020-05-07,7.6217498779296875,0.0
591,2020-05-08,7.8125,0.0
592,2020-05-11,8.065500259399414,0.0
593,2020-05-12,7.802499771118164,0.0
594,2020-05-13,7.78000020980835,0.0
595,2020-05-14,8.030500411987305,0.0
596,2020-05-15,8.490750312805176,0.0
597,2020-05-18,8.750249862670898,0.0
598,2020-05-19,8.805500030517578,0.0
599,2020-05-20,8.970000267028809,0.0
600,2020-05-21,8.775250434875488,0.0
601,2020-05-22,9.026249885559082,0.0
602,2020-05-26,8.71774959564209,0.0
603,2020-05-27,8.525250434875488,0.0
604,2020-05-28,8.487000465393066,0.0
605,2020-05-29,8.875499725341797,0.0
606,2020-06-01,8.806249618530273,0.0
607,2020-06-02,8.825249671936035,0.0
608,2020-06-03,8.769499778747559,0.0
609,2020-06-04,8.766500473022461,0.0
610,2020-06-05,8.920000076293945,0.0
611,2020-06-08,8.805000305175781,0.0
612,2020-06-09,9.045999526977539,0.0
613,2020-06-10,9.36674976348877,0.0
614,2020-06-11,8.796250343322754,0.0
615,2020-06-12,8.932499885559082,0.0
616,2020-06-15,9.173749923706055,0.0
617,2020-06-16,9.068499565124512,0.0
618,2020-06-17,9.236000061035156,0.0
619,2020-06-18,9.218000411987305,0.0
620,2020-06-19,9.261249542236328,0.0
621,2020-06-22,9.526749610900879,0.0
622,2020-06-23,9.449999809265137,0.0
623,2020-06-24,9.23550033569336,0.0
624,2020-06-25,9.489999771118164,0.0
625,2020-06-26,9.154999732971191,0.0
626,2020-06-29,9.199999809265137,0.0
627,2020-06-30,9.497750282287598,0.0
628,2020-07-01,9.529999732971191,0.0
629,2020-07-02,9.612250328063965,0.0
630,2020-07-06,9.839249610900879,0.0
631,2020-07-07,9.871749877929688,0.0
632,2020-07-08,10.215999603271484,0.0
633,2020-07-09,10.508999824523926,0.0
634,2020-07-10,10.479249954223633,0.0
635,2020-07-13,10.052249908447266,0.0
636,2020-07-14,10.376999855041504,0.0
637,2020-07-15,10.227250099182129,0.0
638,2020-07-16,10.134750366210938,0.0
639,2020-07-17,10.201499938964844,0.0
640,2020-07-20,10.510749816894531,0.0
641,2020-07-21,10.328499794006348,0.0
642,2020-07-22,10.438750267028809,0.0
643,2020-07-23,10.12975025177002,0.0
644,2020-07-24,10.194499969482422,0.0
645,2020-07-27,10.421500205993652,0.0
646,2020-07-28,10.215499877929688,0.0
647,2020-07-29,10.465499877929688,0.0
648,2020-07-30,10.61400032043457,0.0
649,2020-07-31,10.614749908447266,0.0
650,2020-08-03,11.010250091552734,0.0
651,2020-08-04,11.227749824523926,0.0
652,2020-08-05,11.286749839782715,0.0
653,2020-08-06,11.33549976348877,0.0
654,2020-08-07,11.19950008392334,0.0
655,2020-08-10,11.164999961853027,0.0
656,2020-08-11,10.850000381469727,0.0
657,2020-08-12,11.440250396728516,0.0
658,2020-08-13,11.442999839782715,0.0
659,2020-08-14,11.564000129699707,0.0
660,2020-08-17,12.336999893188477,0.0
661,2020-08-18,12.260749816894531,0.0
662,2020-08-19,12.138500213623047,0.0
663,2020-08-20,12.140999794006348,0.0
664,2020-08-21,12.683500289916992,0.0
665,2020-08-24,12.720250129699707,0.0
666,2020-08-25,12.75,0.0
667,2020-08-26,12.77299976348877,0.0
668,2020-08-27,12.628250122070312,0.0
669,2020-08-28,13.147749900817871,0.0
670,2020-08-31,13.374500274658203,0.0
671,2020-09-01,13.821000099182129,0.0
672,2020-09-02,14.346500396728516,0.0
673,2020-09-03,13.01550006866455,0.0
674,2020-09-04,12.6225004196167,0.0
675,2020-09-08,11.913000106811523,0.0
676,2020-09-09,12.71500015258789,0.0
677,2020-09-10,12.311750411987305,0.0
678,2020-09-11,12.16450023651123,0.0
679,2020-09-14,12.872249603271484,0.0
680,2020-09-15,12.991000175476074,0.0
681,2020-09-16,12.51449966430664,0.0
682,2020-09-17,12.463500022888184,0.0
683,2020-09-18,12.189249992370605,0.0
684,2020-09-21,12.517250061035156,0.0
685,2020-09-22,12.637749671936035,0.0
686,2020-09-23,12.123749732971191,0.0
687,2020-09-24,12.347999572753906,0.0
688,2020-09-25,12.873749732971191,0.0
689,2020-09-28,13.03499984741211,0.0
690,2020-09-29,13.225749969482422,0.0
691,2020-09-30,13.530500411987305,0.0
692,2020-10-01,13.614500045776367,0.0
693,2020-10-02,13.062250137329102,0.0
694,2020-10-05,13.642499923706055,0.0
695,2020-10-06,13.736499786376953,0.0
696,2020-10-07,13.96399974822998,0.0
697,2020-10-08,13.838749885559082,0.0
698,2020-10-09,13.762749671936035,0.0
699,2020-10-12,14.22599983215332,0.0
700,2020-10-13,14.248250007629395,0.0
701,2020-10-14,14.095250129699707,0.0
702,2020-10-15,13.970000267028809,0.0
703,2020-10-16,13.81149959564209,0.0
704,2020-10-19,13.497750282287598,0.0
705,2020-10-20,13.645500183105469,0.0
706,2020-10-21,13.524749755859375,0.0
707,2020-10-22,13.361000061035156,0.0
708,2020-10-23,13.590250015258789,0.0
709,2020-10-26,13.141249656677246,0.0
710,2020-10-27,13.396750450134277,0.0
711,2020-10-28,12.626999855041504,0.0
712,2020-10-29,13.02400016784668,0.0
713,2020-10-30,12.534000396728516,0.0
714,2020-11-02,12.580750465393066,0.0
715,2020-11-03,13.019499778747559,0.0
716,2020-11-04,13.794249534606934,0.0
717,2020-11-05,14.15999984741211,0.0
718,2020-11-06,14.562000274658203,0.0
719,2020-11-09,13.630749702453613,0.0
720,2020-11-10,12.770000457763672,0.0
721,2020-11-11,13.418000221252441,0.0
722,2020-11-12,13.45674991607666,0.0
723,2020-11-13,13.29699993133545,0.0
724,2020-11-16,13.515250205993652,0.0
725,2020-11-17,13.422249794006348,0.0
726,2020-11-18,13.428750038146973,0.0
727,2020-11-19,13.440250396728516,0.0
728,2020-11-20,13.087750434875488,0.0
729,2020-11-23,13.140000343322754,0.0
730,2020-11-24,12.95775032043457,0.0
731,2020-11-25,13.234749794006348,0.0
732,2020-11-27,13.261249542236328,0.0
733,2020-11-30,13.40149974822998,0.0
734,2020-12-01,13.390000343322754,0.0
735,2020-12-02,13.544500350952148,0.0
736,2020-12-03,13.395999908447266,0.0
737,2020-12-04,13.558250427246094,0.0
738,2020-12-07,13.606749534606934,0.0
739,2020-12-08,13.350000381469727,0.0
740,2020-12-09,12.930749893188477,0.0
741,2020-12-10,12.972249984741211,0.0
742,2020-12-11,13.013250350952148,0.0
743,2020-12-14,13.30875015258789,0.0
744,2020-12-15,13.36050033569336,0.0
745,2020-12-16,13.242500305175781,0.0
746,2020-12-17,13.3412504196167,0.0
747,2020-12-18,13.272000312805176,0.0
748,2020-12-21,13.332249641418457,0.0
749,2020-12-22,13.278249740600586,0.0
750,2020-12-23,13.009249687194824,0.0
751,2020-12-24,12.993749618530273,0.0
752,2020-12-28,12.899999618530273,0.0
753,2020-12-29,12.943249702453613,0.0
754,2020-12-30,13.145750045776367,0.0
755,2020-12-31,13.055000305175781,0.0
756,2021-01-04,13.113499641418457,0.0
757,2021-01-05,13.404749870300293,0.0
758,2021-01-06,12.614500045776367,0.0
759,2021-01-07,13.343999862670898,0.0
760,2021-01-08,13.276749610900879,0.0
761,2021-01-11,13.621500015258789,0.0
762,2021-01-12,13.484749794006348,0.0
763,2021-01-13,13.531749725341797,0.0
764,2021-01-14,13.200249671936035,0.0
765,2021-01-15,12.85949993133545,0.0
766,2021-01-19,13.025250434875488,0.0
767,2021-01-20,13.365750312805176,0.0
768,2021-01-21,13.867500305175781,0.0
769,2021-01-22,13.712499618530273,0.0
770,2021-01-25,13.653249740600586,0.0
771,2021-01-26,13.435250282287598,0.0
772,2021-01-27,12.917750358581543,0.0
773,2021-01-28,13.050999641418457,0.0
774,2021-01-29,12.989749908447266,0.0
775,2021-02-01,13.237000465393066,0.0
776,2021-02-02,13.556750297546387,0.0
777,2021-02-03,13.530500411987305,0.0
778,2021-02-04,13.664250373840332,0.0
779,2021-02-05,13.590999603271484,0.0
780,2021-02-08,14.438750267028809,0.0
781,2021-02-09,14.263250350952148,0.0
782,2021-02-10,14.764249801635742,0.0
783,2021-02-11,15.250749588012695,0.0
784,2021-02-12,14.961250305175781,0.0
785,2021-02-16,15.330249786376953,0.0
786,2021-02-17,14.906000137329102,0.0
787,2021-02-18,14.829000473022461,0.0
788,2021-02-19,14.92650032043457,0.0
789,2021-02-22,14.35575008392334,0.0
790,2021-02-23,14.142000198364258,0.0
791,2021-02-24,14.49899959564209,0.0
792,2021-02-25,13.307499885559082,0.0
793,2021-02-26,13.714500427246094,0.0
794,2021-03-01,13.841750144958496,0.0
795,2021-03-02,13.40625,0.0
796,2021-03-03,12.804750442504883,0.0
797,2021-03-04,12.37024974822998,0.0
798,2021-03-05,12.46150016784668,0.0
799,2021-03-08,11.593250274658203,0.0
800,2021-03-09,12.52025032043457,0.0
801,2021-03-10,12.468250274658203,0.0
802,2021-03-11,12.993499755859375,0.0
803,2021-03-12,12.855999946594238,0.0
804,2021-03-15,13.19124984741211,0.0
805,2021-03-16,13.291250228881836,0.0
806,2021-03-17,13.3412504196167,0.0
807,2021-03-18,12.72249984741211,0.0
808,2021-03-19,12.845749855041504,0.0
809,2021-03-22,13.186249732971191,0.0
810,2021-03-23,13.07075023651123,0.0
811,2021-03-24,12.642999649047852,0.0
812,2021-03-25,12.535249710083008,0.0
813,2021-03-26,12.839249610900879,0.0
814,2021-03-29,12.948249816894531,0.0
815,2021-03-30,12.871749877929688,0.0
816,2021-03-31,13.348250389099121,0.0
817,2021-04-01,13.811750411987305,0.0
818,2021-04-05,13.987500190734863,0.0
819,2021-04-06,13.861499786376953,0.0
820,2021-04-07,14.143500328063965,0.0
821,2021-04-08,14.317000389099121,0.0
822,2021-04-09,14.399999618530273,0.0
823,2021-04-12,15.208999633789062,0.0
824,2021-04-13,15.679499626159668,0.0
825,2021-04-14,15.277000427246094,0.0
826,2021-04-15,16.137250900268555,0.0
827,2021-04-16,15.912500381469727,0.0
828,2021-04-19,15.361749649047852,0.0
829,2021-04-20,15.171250343322754,0.0
830,2021-04-21,15.36050033569336,0.0
831,2021-04-22,14.850250244140625,0.0
832,2021-04-23,15.265250205993652,0.0
833,2021-04-26,15.477999687194824,0.0
834,2021-04-27,15.381750106811523,0.0
835,2021-04-28,15.276749610900879,0.0
836,2021-04-29,15.324749946594238,0.0
837,2021-04-30,15.009499549865723,0.0
838,2021-05-03,14.836750030517578,0.0
839,2021-05-04,14.351249694824219,0.0
840,2021-05-05,14.458499908447266,0.0
841,2021-05-06,14.52299976348877,0.0
842,2021-05-07,14.812250137329102,0.0
843,2021-05-10,14.26574993133545,0.0
844,2021-05-11,14.306249618530273,0.0
845,2021-05-12,13.758500099182129,0.0
846,2021-05-13,13.665249824523926,0.0
847,2021-05-14,14.243000030517578,0.0
848,2021-05-17,14.165499687194824,0.0
849,2021-05-18,14.01574993133545,0.0
850,2021-05-19,14.065750122070312,0.0
851,2021-05-20,14.612500190734863,0.0
852,2021-05-21,14.99174976348877,0.0
853,2021-05-24,15.612000465393066,0.0
854,2021-05-25,15.647749900817871,0.0
855,2021-05-26,15.699999809265137,0.0
856,2021-05-27,15.48799991607666,0.0
857,2021-05-28,16.24449920654297,0.0
858,2021-06-01,16.26449966430664,0.0
859,2021-06-02,16.778249740600586,0.0
860,2021-06-03,16.969749450683594,0.0
861,2021-06-04,17.578250885009766,0.0
862,2021-06-07,17.618999481201172,0.0
863,2021-06-08,17.457000732421875,0.0
864,2021-06-09,17.35824966430664,0.0
865,2021-06-10,17.424999237060547,0.0
866,2021-06-11,17.82525062561035,0.0
867,2021-06-14,18.018749237060547,0.0
868,2021-06-15,17.78849983215332,0.0
869,2021-06-16,17.81024932861328,0.0
870,2021-06-17,18.657249450683594,0.0
871,2021-06-18,18.638750076293945,0.0
872,2021-06-21,18.427249908447266,0.0
873,2021-06-22,18.886749267578125,0.0
874,2021-06-23,19.057249069213867,0.0
875,2021-06-24,19.20549964904785,0.0
876,2021-06-25,19.0310001373291,0.0
877,2021-06-28,19.985000610351562,0.0
878,2021-06-29,20.026750564575195,0.0
879,2021-06-30,20.002500534057617,0.0
880,2021-07-01,20.211999893188477,0.0
881,2021-07-02,20.48699951171875,0.0
882,2021-07-06,20.69849967956543,0.0
883,2021-07-07,20.371749877929688,0.0
884,2021-07-08,19.90275001525879,0.0
885,2021-07-09,20.050249099731445,0.0
886,2021-07-12,20.512500762939453,0.0
887,2021-07-13,20.25,0.0
888,2021-07-14,19.84149932861328,0.0
889,2021-07-15,18.966249465942383,0.0
890,2021-07-16,18.160999298095703,0.0
891,2021-07-19,18.77975082397461,0.0
892,2021-07-20,18.61199951171875,0.0
893,2021-07-21,19.40999984741211,0.0
894,2021-07-22,19.5939998626709,0.0
895,2021-07-23,19.558000564575195,0.0
896,2021-07-26,19.29400062561035,0.0
897,2021-07-27,19.20800018310547,0.0
898,2021-07-28,19.503000259399414,0.0
899,2021-07-29,19.66200065612793,0.0
900,2021-07-30,19.499000549316406,0.0
901,2021-08-02,19.75,0.0
902,2021-08-03,19.815000534057617,0.0
903,2021-08-04,20.27400016784668,0.0
904,2021-08-05,20.636999130249023,0.0
905,2021-08-06,20.365999221801758,0.0
906,2021-08-09,20.295000076293945,0.0
907,2021-08-10,19.93600082397461,0.0
908,2021-08-11,19.698999404907227,0.0
909,2021-08-12,19.905000686645508,0.0
910,2021-08-13,20.187999725341797,0.0
911,2021-08-16,19.950000762939453,0.0
912,2021-08-17,19.45800018310547,0.0
913,2021-08-18,19.040000915527344,0.0
914,2021-08-19,19.79800033569336,0.0
915,2021-08-20,20.81599998474121,0.0
916,2021-08-23,21.95800018310547,0.0
917,2021-08-24,21.792999267578125,0.0
918,2021-08-25,22.21299934387207,0.0
919,2021-08-26,22.06800079345703,0.0
920,2021-08-27,22.63599967956543,0.0
921,2021-08-30,22.687999725341797,0.0
922,2021-08-31,22.385000228881836,0.0
923,2021-09-01,22.44099998474121,0.0
924,2021-09-02,22.395999908447266,0.0
925,2021-09-03,22.843000411987305,0.0
926,2021-09-07,22.66200065612793,0.0
927,2021-09-08,22.339000701904297,0.0
928,2021-09-09,22.177000045776367,0.0
929,2021-09-10,22.47800064086914,0.0
930,2021-09-13,22.152000427246094,0.0
931,2021-09-14,22.242000579833984,0.0
932,2021-09-15,22.340999603271484,0.0
933,2021-09-16,22.242000579833984,0.0
934,2021-09-17,21.899999618530273,0.0
935,2021-09-20,21.113000869750977,0.0
936,2021-09-21,21.246000289916992,0.0
937,2021-09-22,21.94099998474121,0.0
938,2021-09-23,22.48200035095215,0.0
939,2021-09-24,22.08099937438965,0.0
940,2021-09-27,21.65999984741211,0.0
941,2021-09-28,20.698999404907227,0.0
942,2021-09-29,20.517000198364258,0.0
943,2021-09-30,20.715999603271484,0.0
944,2021-10-01,20.742000579833984,0.0
945,2021-10-04,19.73200035095215,0.0
946,2021-10-05,20.451000213623047,0.0
947,2021-10-06,20.700000762939453,0.0
948,2021-10-07,21.075000762939453,0.0
949,2021-10-08,20.83099937438965,0.0
950,2021-10-11,20.69499969482422,0.0
951,2021-10-12,20.67099952697754,0.0
952,2021-10-13,20.93899917602539,0.0
953,2021-10-14,21.746000289916992,0.0
954,2021-10-15,21.86199951171875,0.0
955,2021-10-18,22.222000122070312,0.0
956,2021-10-19,22.290000915527344,0.0
957,2021-10-20,22.10300064086914,0.0
958,2021-10-21,22.691999435424805,0.0
959,2021-10-22,22.72599983215332,0.0
960,2021-10-25,23.166000366210938,0.0
961,2021-10-26,24.716999053955078,0.0
962,2021-10-27,24.451000213623047,0.0
963,2021-10-28,24.94099998474121,0.0
964,2021-10-29,25.566999435424805,0.0
965,2021-11-01,25.82699966430664,0.0
966,2021-11-02,26.400999069213867,0.0
967,2021-11-03,26.597999572753906,0.0
968,2021-11-04,29.801000595092773,0.0
969,2021-11-05,29.75200080871582,0.0
970,2021-11-08,30.804000854492188,0.0
971,2021-11-09,30.656999588012695,0.0
972,2021-11-10,29.458999633789062,0.0
973,2021-11-11,30.389999389648438,0.0
974,2021-11-12,30.389999389648438,0.0
975,2021-11-15,30.024999618530273,0.0
976,2021-11-16,30.202999114990234,0.0
977,2021-11-17,29.26099967956543,0.0
978,2021-11-18,31.674999237060547,0.0
979,2021-11-19,32.98500061035156,0.0
980,2021-11-22,31.95599937438965,0.0
981,2021-11-23,31.746000289916992,0.0
982,2021-11-24,32.67399978637695,0.0
983,2021-11-26,31.503000259399414,0.0
984,2021-11-29,33.375999450683594,0.0
985,2021-11-30,32.67599868774414,0.0
986,2021-12-01,31.434999465942383,0.0
987,2021-12-02,32.125999450683594,0.0
988,2021-12-03,30.69300079345703,0.0
989,2021-12-06,30.03700065612793,0.0
990,2021-12-07,32.426998138427734,0.0
991,2021-12-08,31.826000213623047,0.0
992,2021-12-09,30.489999771118164,0.0
993,2021-12-10,30.197999954223633,0.0
994,2021-12-13,28.160999298095703,0.0
995,2021-12-14,28.336999893188477,0.0
996,2021-12-15,30.458999633789062,0.0
997,2021-12-16,28.386999130249023,0.0
998,2021-12-17,27.801000595092773,0.0
999,2021-12-20,27.7189998626709,0.0
1000,2021-12-21,29.075000762939453,0.0
1001,2021-12-22,29.399999618530273,0.0
1002,2021-12-23,29.639999389648438,0.0
1003,2021-12-27,30.94499969482422,0.0
1004,2021-12-28,30.32200050354004,0.0
1005,2021-12-29,30.000999450683594,0.0
1006,2021-12-30,29.586000442504883,0.0
1007,2021-12-31,29.410999298095703,0.0
1008,2022-01-03,30.121000289916992,0.0
1009,2022-01-04,29.290000915527344,0.0
1010,2022-01-05,27.604000091552734,0.0
1011,2022-01-06,28.17799949645996,0.0
1012,2022-01-07,27.246999740600586,0.0
1013,2022-01-10,27.399999618530273,0.0
1014,2022-01-11,27.816999435424805,0.0
1015,2022-01-12,27.999000549316406,0.0
1016,2022-01-13,26.575000762939453,0.0
1017,2022-01-14,26.941999435424805,0.0
1018,2022-01-18,25.902999877929688,0.0
1019,2022-01-19,25.066999435424805,0.0
1020,2022-01-20,24.149999618530273,0.0
1021,2022-01-21,23.374000549316406,0.0
1022,2022-01-24,23.371999740600586,0.0
1023,2022-01-25,22.323999404907227,0.0
1024,2022-01-26,22.77199935913086,0.0
1025,2022-01-27,21.944000244140625,0.0
1026,2022-01-28,22.84000015258789,0.0
1027,2022-01-31,24.486000061035156,0.0
1028,2022-02-01,24.63800048828125,0.0
1029,2022-02-02,25.242000579833984,0.0
1030,2022-02-03,23.947999954223633,0.0
1031,2022-02-04,24.319000244140625,0.0
1032,2022-02-07,24.72800064086914,0.0
1033,2022-02-08,25.107999801635742,0.0
1034,2022-02-09,26.704999923706055,0.0
1035,2022-02-10,25.823999404907227,0.0
1036,2022-02-11,23.948999404907227,0.0
1037,2022-02-14,24.267000198364258,0.0
1038,2022-02-15,26.4950008392334,0.0
1039,2022-02-16,26.51099967956543,0.0
1040,2022-02-17,24.506999969482422,0.0
1041,2022-02-18,23.642000198364258,0.0
1042,2022-02-22,23.389999389648438,0.0
1043,2022-02-23,22.386999130249023,0.0
1044,2022-02-24,23.74799919128418,0.0
1045,2022-02-25,24.156999588012695,0.0
1046,2022-02-28,24.385000228881836,0.0
1047,2022-03-01,23.476999282836914,0.0
1048,2022-03-02,24.219999313354492,0.0
1049,2022-03-03,23.714000701904297,0.0
1050,2022-03-04,22.93600082397461,0.0
1051,2022-03-07,21.351999282836914,0.0
1052,2022-03-08,21.513999938964844,0.0
1053,2022-03-09,23.013999938964844,0.0
1054,2022-03-10,22.658000946044922,0.0
1055,2022-03-11,22.100000381469727,0.0
1056,2022-03-14,21.329999923706055,0.0
1057,2022-03-15,22.972999572753906,0.0
1058,2022-03-16,24.496000289916992,0.0
1059,2022-03-17,24.766000747680664,0.0
1060,2022-03-18,26.452999114990234,0.0
1061,2022-03-21,26.733999252319336,0.0
1062,2022-03-22,26.52400016784668,0.0
1063,2022-03-23,25.634000778198242,0.0
1064,2022-03-24,28.149999618530273,0.0
1065,2022-03-25,27.691999435424805,0.0
1066,2022-03-28,28.2189998626709,0.0
1067,2022-03-29,28.6560001373291,0.0
1068,2022-03-30,27.690000534057617,0.0
1069,2022-03-31,27.285999298095703,0.0
1070,2022-04-01,26.711999893188477,0.0
1071,2022-04-04,27.360000610351562,0.0
1072,2022-04-05,25.930999755859375,0.0
1073,2022-04-06,24.406999588012695,0.0
1074,2022-04-07,24.20800018310547,0.0
1075,2022-04-08,23.118999481201172,0.0
1076,2022-04-11,21.91699981689453,0.0
1077,2022-04-12,21.503999710083008,0.0
1078,2022-04-13,22.202999114990234,0.0
1079,2022-04-14,21.257999420166016,0.0
1080,2022-04-18,21.783000946044922,0.0
1081,2022-04-19,22.197999954223633,0.0
1082,2022-04-20,21.48200035095215,0.0
1083,2022-04-21,20.183000564575195,0.0
1084,2022-04-22,19.514999389648438,0.0
1085,2022-04-25,19.902000427246094,0.0
1086,2022-04-26,18.788000106811523,0.0
1087,2022-04-27,18.415000915527344,0.0
1088,2022-04-28,19.781999588012695,0.0
1089,2022-04-29,18.547000885009766,0.0
1090,2022-05-02,19.533000946044922,0.0
1091,2022-05-03,19.601999282836914,0.0
1092,2022-05-04,20.333999633789062,0.0
1093,2022-05-05,18.8439998626709,0.0
1094,2022-05-06,18.674999237060547,0.0
1095,2022-05-09,16.950000762939453,0.0
1096,2022-05-10,17.594999313354492,0.0
1097,2022-05-11,16.6299991607666,0.0
1098,2022-05-12,16.174999237060547,0.0
1099,2022-05-13,17.70599937438965,0.0
1100,2022-05-16,17.263999938964844,0.0
1101,2022-05-17,18.177000045776367,0.0
1102,2022-05-18,16.937999725341797,0.0
1103,2022-05-19,17.124000549316406,0.0
1104,2022-05-20,16.694000244140625,0.0
1105,2022-05-23,16.898000717163086,0.0
1106,2022-05-24,16.15399932861328,0.0
1107,2022-05-25,16.975000381469727,0.0
1108,2022-05-26,17.85099983215332,0.0
1109,2022-05-27,18.81100082397461,0.0
1110,2022-05-31,18.672000885009766,0.0
1111,2022-06-01,18.31999969482422,0.0
1112,2022-06-02,19.591999053955078,0.0
1113,2022-06-03,18.719999313354492,0.0
1114,2022-06-06,18.785999298095703,0.0
1115,2022-06-07,18.926000595092773,0.0
1116,2022-06-08,18.648000717163086,0.0
1117,2022-06-09,18.04800033569336,0.0
1118,2022-06-10,16.974000930786133,0.0
1119,2022-06-13,15.647000312805176,0.0
1120,2022-06-14,15.836000442504883,0.0
1121,2022-06-15,16.527000427246094,0.0
1122,2022-06-16,15.60099983215332,0.0
1123,2022-06-17,15.880000114440918,0.0
1124,2022-06-21,16.56599998474121,0.0
1125,2022-06-22,16.360000610351562,0.0
1126,2022-06-23,16.225000381469727,0.0
1127,2022-06-24,17.125999450683594,0.0
1128,2022-06-27,16.868999481201172,0.0
1129,2022-06-28,15.982000350952148,0.0
1130,2022-06-29,15.541999816894531,0.0
1131,2022-06-30,15.159000396728516,0.0
1132,2022-07-01,14.52299976348877,0.0
1133,2022-07-05,14.96399974822998,0.0
1134,2022-07-06,15.130000114440918,0.0
1135,2022-07-07,15.857999801635742,0.0
1136,2022-07-08,15.838000297546387,0.0
1137,2022-07-11,15.152000427246094,0.0
1138,2022-07-12,15.081999778747559,0.0
1139,2022-07-13,15.163999557495117,0.0
1140,2022-07-14,15.371999740600586,0.0
1141,2022-07-15,15.76200008392334,0.0
1142,2022-07-18,16.10099983215332,0.0
1143,2022-07-19,16.992000579833984,0.0
1144,2022-07-20,17.80699920654297,0.0
1145,2022-07-21,18.049999237060547,0.0
1146,2022-07-22,17.319000244140625,0.0
1147,2022-07-25,17.02400016784668,0.0
1148,2022-07-26,16.533000946044922,0.0
1149,2022-07-27,17.790000915527344,0.0
1150,2022-07-28,17.983999252319336,0.0
1151,2022-07-29,18.163000106811523,0.0
1152,2022-08-01,18.44099998474121,0.0
1153,2022-08-02,18.525999069213867,0.0
1154,2022-08-03,18.89299964904785,0.0
1155,2022-08-04,19.21500015258789,0.0
1156,2022-08-05,18.98900032043457,0.0
1157,2022-08-08,17.792999267578125,0.0
1158,2022-08-09,17.086000442504883,0.0
1159,2022-08-10,18.097000122070312,0.0
1160,2022-08-11,17.941999435424805,0.0
1161,2022-08-12,18.708999633789062,0.0
1162,2022-08-15,19.031999588012695,0.0
1163,2022-08-16,18.878999710083008,0.0
1164,2022-08-17,18.334999084472656,0.0
1165,2022-08-18,18.773000717163086,0.0
1166,2022-08-19,17.849000930786133,0.0
1167,2022-08-22,17.034000396728516,0.0
1168,2022-08-23,17.180999755859375,0.0
1169,2022-08-24,17.222000122070312,0.0
1170,2022-08-25,17.913000106811523,0.0
1171,2022-08-26,16.260000228881836,0.0
1172,2022-08-29,15.800999641418457,0.0
1173,2022-08-30,15.468000411987305,0.0
1174,2022-08-31,15.093999862670898,0.0
1175,2022-09-01,13.937000274658203,0.0
1176,2022-09-02,13.647000312805176,0.0
1177,2022-09-06,13.46500015258789,0.0
1178,2022-09-07,13.71399974822998,0.0
1179,2022-09-08,13.989999771118164,0.0
1180,2022-09-09,14.38700008392334,0.0
1181,2022-09-12,14.505000114440918,0.0
1182,2022-09-13,13.130999565124512,0.0
1183,2022-09-14,13.128000259399414,0.0
1184,2022-09-15,12.928999900817871,0.0
1185,2022-09-16,13.197999954223633,0.0
1186,2022-09-19,13.381999969482422,0.0
1187,2022-09-20,13.175999641418457,0.0
1188,2022-09-21,13.26099967956543,0.0
1189,2022-09-22,12.560999870300293,0.0
1190,2022-09-23,12.515999794006348,0.0
1191,2022-09-26,12.227999687194824,0.0
1192,2022-09-27,12.413000106811523,0.0
1193,2022-09-28,12.736000061035156,0.0
1194,2022-09-29,12.220000267028809,0.0
1195,2022-09-30,12.138999938964844,0.0
1196,2022-10-03,12.51200008392334,0.0
1197,2022-10-04,13.166999816894531,0.0
1198,2022-10-05,13.208999633789062,0.0
1199,2022-10-06,13.130000114440918,0.0
1200,2022-10-07,12.076000213623047,0.0
1201,2022-10-10,11.670000076293945,0.0
1202,2022-10-11,11.586000442504883,0.0
1203,2022-10-12,11.5,0.0
1204,2022-10-13,11.960000038146973,0.0
1205,2022-10-14,11.22700023651123,0.0
1206,2022-10-17,11.887999534606934,0.0
1207,2022-10-18,11.967000007629395,0.0
1208,2022-10-19,12.050999641418457,0.0
1209,2022-10-20,12.194000244140625,0.0
1210,2022-10-21,12.465999603271484,0.0
1211,2022-10-24,12.598999977111816,0.0
1212,2022-10-25,13.26099967956543,0.0
1213,2022-10-26,12.895999908447266,0.0
1214,2022-10-27,13.175999641418457,0.0
1215,2022-10-28,13.833999633789062,0.0
1216,2022-10-31,13.496999740600586,0.0
1217,2022-11-01,13.543000221252441,0.0
1218,2022-11-02,13.218999862670898,0.0
1219,2022-11-03,13.420999526977539,0.0
1220,2022-11-04,14.156000137329102,0.0
1221,2022-11-07,14.300999641418457,0.0
1222,2022-11-08,14.60200023651123,0.0
1223,2022-11-09,13.776000022888184,0.0
1224,2022-11-10,15.75,0.0
1225,2022-11-11,16.32699966430664,0.0
1226,2022-11-14,16.295000076293945,0.0
1227,2022-11-15,16.666000366210938,0.0
1228,2022-11-16,15.90999984741211,0.0
1229,2022-11-17,15.677000045776367,0.0
1230,2022-11-18,15.409000396728516,0.0
1231,2022-11-21,15.317000389099121,0.0
1232,2022-11-22,16.038000106811523,0.0
1233,2022-11-23,16.518999099731445,0.0
1234,2022-11-25,16.270000457763672,0.0
1235,2022-11-28,15.82699966430664,0.0
1236,2022-11-29,15.638999938964844,0.0
1237,2022-11-30,16.92300033569336,0.0
1238,2022-12-01,17.135000228881836,0.0
1239,2022-12-02,16.875999450683594,0.0
1240,2022-12-05,16.610000610351562,0.0
1241,2022-12-06,15.987000465393066,0.0
1242,2022-12-07,16.1200008392334,0.0
1243,2022-12-08,17.16900062561035,0.0
1244,2022-12-09,17.000999450683594,0.0
1245,2022-12-12,17.53499984741211,0.0
1246,2022-12-13,18.07200050354004,0.0
1247,2022-12-14,17.673999786376953,0.0
1248,2022-12-15,16.95199966430664,0.0
1249,2022-12-16,16.570999145507812,0.0
1250,2022-12-19,16.253999710083008,0.0
1251,2022-12-20,16.084999084472656,0.0
1252,2022-12-21,16.500999450683594,0.0
1253,2022-12-22,15.33899974822998,0.0
1254,2022-12-23,15.206000328063965,0.0
1255,2022-12-27,14.121000289916992,0.0
1256,2022-12-28,14.03600025177002,0.0
1257,2022-12-29,14.602999687194824,0.0
1258,2022-12-30,14.61400032043457,0.0
1259,2023-01-03,14.3149995803833,0.0
1260,2023-01-04,14.74899959564209,0.0
1261,2023-01-05,14.265000343322754,0.0
1262,2023-01-06,14.859000205993652,0.0
1263,2023-01-09,15.628000259399414,0.0
1264,2023-01-10,15.909000396728516,0.0
1265,2023-01-11,16.000999450683594,0.0
1266,2023-01-12,16.51099967956543,0.0
1267,2023-01-13,16.89900016784668,0.0
1268,2023-01-17,17.70199966430664,0.0
1269,2023-01-18,17.37700080871582,0.0
1270,2023-01-19,16.764999389648438,0.0
1271,2023-01-20,17.839000701904297,0.0
1272,2023-01-23,19.19300079345703,0.0
1273,2023-01-24,19.264999389648438,0.0
1274,2023-01-25,19.322999954223633,0.0
1275,2023-01-26,19.802000045776367,0.0
1276,2023-01-27,20.364999771118164,0.0
1277,2023-01-30,19.16200065612793,0.0
1278,2023-01-31,19.53700065612793,0.0
1279,2023-02-01,20.94300079345703,0.0
1280,2023-02-02,21.708999633789062,0.0
1281,2023-02-03,21.100000381469727,0.0
1282,2023-02-06,21.089000701904297,0.0
1283,2023-02-07,22.17300033569336,0.0
1284,2023-02-08,22.204999923706055,0.0
1285,2023-02-09,22.336999893188477,0.0
1286,2023-02-10,21.264999389648438,0.0
1287,2023-02-13,21.788000106811523,0.0
1288,2023-02-14,22.97100067138672,0.0
1289,2023-02-15,22.763999938964844,0.0
1290,2023-02-16,22.00200080871582,0.0
1291,2023-02-17,21.38800048828125,0.0
1292,2023-02-21,20.655000686645508,0.0
1293,2023-02-22,20.753999710083008,0.0
1294,2023-02-23,23.663999557495117,0.0
1295,2023-02-24,23.285999298095703,0.0
1296,2023-02-27,23.500999450683594,0.0
1297,2023-02-28,23.215999603271484,0.0
1298,2023-03-01,22.697999954223633,0.0
1299,2023-03-02,23.31399917602539,0.0
1300,2023-03-03,23.889999389648438,0.0
1301,2023-03-06,23.554000854492188,0.0
1302,2023-03-07,23.288000106811523,0.0
1303,2023-03-08,24.180999755859375,0.0
1304,2023-03-09,23.43600082397461,0.0
1305,2023-03-10,22.96500015258789,0.0
1306,2023-03-13,22.965999603271484,0.0
1307,2023-03-14,24.062999725341797,0.0
1308,2023-03-15,24.22800064086914,0.0
1309,2023-03-16,25.541000366210938,0.0
1310,2023-03-17,25.725000381469727,0.0
1311,2023-03-20,25.899999618530273,0.0
1312,2023-03-21,26.198999404907227,0.0
1313,2023-03-22,26.468000411987305,0.0
1314,2023-03-23,27.19099998474121,0.0
1315,2023-03-24,26.77899932861328,0.0
1316,2023-03-27,26.5310001373291,0.0
1317,2023-03-28,26.40999984741211,0.0
1318,2023-03-29,26.983999252319336,0.0
1319,2023-03-30,27.382999420166016,0.0
1320,2023-03-31,27.777000427246094,0.0
1321,2023-04-03,27.96500015258789,0.0
1322,2023-04-04,27.452999114990234,0.0
1323,2023-04-05,26.881000518798828,0.0
1324,2023-04-06,27.03700065612793,0.0
1325,2023-04-10,27.57900047302246,0.0
1326,2023-04-11,27.16900062561035,0.0
1327,2023-04-12,26.4950008392334,0.0
1328,2023-04-13,26.46299934387207,0.0
1329,2023-04-14,26.757999420166016,0.0
1330,2023-04-17,27.00200080871582,0.0
1331,2023-04-18,27.66699981689453,0.0
1332,2023-04-19,27.930999755859375,0.0
1333,2023-04-20,27.104000091552734,0.0
1334,2023-04-21,27.118999481201172,0.0
1335,2023-04-24,27.04199981689453,0.0
1336,2023-04-25,26.240999221801758,0.0
1337,2023-04-26,26.95599937438965,0.0
1338,2023-04-27,27.22599983215332,0.0
1339,2023-04-28,27.749000549316406,0.0
1340,2023-05-01,28.90999984741211,0.0
1341,2023-05-02,28.209999084472656,0.0
1342,2023-05-03,27.802000045776367,0.0
1343,2023-05-04,27.562000274658203,0.0
1344,2023-05-05,28.68000030517578,0.0
1345,2023-05-08,29.150999069213867,0.0
1346,2023-05-09,28.570999145507812,0.0
1347,2023-05-10,28.885000228881836,0.0
1348,2023-05-11,28.577999114990234,0.0
1349,2023-05-12,28.34000015258789,0.0
1350,2023-05-15,28.952999114990234,0.0
1351,2023-05-16,29.21299934387207,0.0
1352,2023-05-17,30.17799949645996,0.0
1353,2023-05-18,31.67799949645996,0.0
1354,2023-05-19,31.263999938964844,0.0
1355,2023-05-22,31.176000595092773,0.0
1356,2023-05-23,30.687999725341797,0.0
1357,2023-05-24,30.538000106811523,0.0
1358,2023-05-25,37.97999954223633,0.0
1359,2023-05-26,38.94599914550781,0.0
1360,2023-05-30,40.111000061035156,0.0
1361,2023-05-31,37.83399963378906,0.0
1362,2023-06-01,39.77000045776367,0.0
1363,2023-06-02,39.32699966430664,0.0
1364,2023-06-05,39.17100143432617,0.0
1365,2023-06-06,38.65399932861328,0.0
1366,2023-06-07,37.474998474121094,0.0
1367,2023-06-08,38.5099983215332,0.0
1368,2023-06-09,38.77000045776367,0.0
1369,2023-06-12,39.481998443603516,0.0
1370,2023-06-13,41.02199935913086,0.0
1371,2023-06-14,42.99700164794922,0.0
1372,2023-06-15,42.65299987792969,0.0
1373,2023-06-16,42.69200134277344,0.0
1374,2023-06-20,43.80799865722656,0.0
1375,2023-06-21,43.04499816894531,0.0
1376,2023-06-22,43.025001525878906,0.0
1377,2023-06-23,42.20899963378906,0.0
1378,2023-06-26,40.63199996948242,0.0
1379,2023-06-27,41.875999450683594,0.0
1380,2023-06-28,41.117000579833984,0.0
1381,2023-06-29,40.821998596191406,0.0
1382,2023-06-30,42.301998138427734,0.0
1383,2023-07-03,42.41299819946289,0.0
1384,2023-07-05,42.31700134277344,0.0
1385,2023-07-06,42.10300064086914,0.0
1386,2023-07-07,42.50299835205078,0.0
1387,2023-07-10,42.18000030517578,0.0
1388,2023-07-11,42.404998779296875,0.0
1389,2023-07-12,43.902000427246094,0.0
1390,2023-07-13,45.97700119018555,0.0
1391,2023-07-14,45.46900177001953,0.0
1392,2023-07-17,46.46099853515625,0.0
1393,2023-07-18,47.49399948120117,0.0
1394,2023-07-19,47.07699966430664,0.0
1395,2023-07-20,45.52000045776367,0.0
1396,2023-07-21,44.308998107910156,0.0
1397,2023-07-24,44.61199951171875,0.0
1398,2023-07-25,45.67900085449219,0.0
1399,2023-07-26,45.45199966430664,0.0
1400,2023-07-27,45.900001525878906,0.0
1401,2023-07-28,46.75,0.0
1402,2023-07-31,46.729000091552734,0.0
1403,2023-08-01,46.50699996948242,0.0
1404,2023-08-02,44.26900100708008,0.0
1405,2023-08-03,44.51499938964844,0.0
1406,2023-08-04,44.68000030517578,0.0
1407,2023-08-07,45.41699981689453,0.0
1408,2023-08-08,44.66400146484375,0.0
1409,2023-08-09,42.55400085449219,0.0
1410,2023-08-10,42.38800048828125,0.0
1411,2023-08-11,40.85499954223633,0.0
1412,2023-08-14,43.75299835205078,0.0
1413,2023-08-15,43.939998626708984,0.0
1414,2023-08-16,43.486000061035156,0.0
1415,2023-08-17,43.34400177001953,0.0
1416,2023-08-18,43.29899978637695,0.0
1417,2023-08-21,46.96699905395508,0.0
1418,2023-08-22,45.667999267578125,0.0
1419,2023-08-23,47.11600112915039,0.0
1420,2023-08-24,47.16299819946289,0.0
1421,2023-08-25,46.018001556396484,0.0
1422,2023-08-28,46.834999084472656,0.0
1423,2023-08-29,48.784000396728516,0.0
1424,2023-08-30,49.263999938964844,0.0
1425,2023-08-31,49.35499954223633,0.0
1426,2023-09-01,48.50899887084961,0.0
1427,2023-09-05,48.54800033569336,0.0
1428,2023-09-06,47.06100082397461,0.0
1429,2023-09-07,46.24100112915039,0.0
1430,2023-09-08,45.571998596191406,0.0
1431,2023-09-11,45.178001403808594,0.0
1432,2023-09-12,44.869998931884766,0.0
1433,2023-09-13,45.48500061035156,0.0
1434,2023-09-14,45.58100128173828,0.0
1435,2023-09-15,43.900001525878906,0.0
1436,2023-09-18,43.965999603271484,0.0
1437,2023-09-19,43.52000045776367,0.0
1438,2023-09-20,42.23899841308594,0.0
1439,2023-09-21,41.016998291015625,0.0
1440,2023-09-22,41.61000061035156,0.0
1441,2023-09-25,42.22200012207031,0.0
1442,2023-09-26,41.9109992980957,0.0
1443,2023-09-27,42.46799850463867,0.0
1444,2023-09-28,43.0890007019043,0.0
1445,2023-09-29,43.499000549316406,0.0
1446,2023-10-02,44.78200149536133,0.0
1447,2023-10-03,43.516998291015625,0.0
1448,2023-10-04,44.04100036621094,0.0
1449,2023-10-05,44.6879997253418,0.0
1450,2023-10-06,45.762001037597656,0.0
1451,2023-10-09,45.27299880981445,0.0
1452,2023-10-10,45.79800033569336,0.0
1453,2023-10-11,46.805999755859375,0.0
1454,2023-10-12,46.94499969482422,0.0
1455,2023-10-13,45.46099853515625,0.0
1456,2023-10-16,46.095001220703125,0.0
1457,2023-10-17,43.9379997253418,0.0
1458,2023-10-18,42.19599914550781,0.0
1459,2023-10-19,42.10100173950195,0.0
1460,2023-10-20,41.387001037597656,0.0
1461,2023-10-23,42.974998474121094,0.0
1462,2023-10-24,43.66299819946289,0.0
1463,2023-10-25,41.77899932861328,0.0
1464,2023-10-26,40.32600021362305,0.0
1465,2023-10-27,40.5,0.0
1466,2023-10-30,41.1609992980957,0.0
1467,2023-10-31,40.779998779296875,0.0
1468,2023-11-01,42.32500076293945,0.0
1469,2023-11-02,43.50600051879883,0.0
1470,2023-11-03,45.005001068115234,0.0
1471,2023-11-06,45.750999450683594,0.0
1472,2023-11-07,45.95500183105469,0.0
1473,2023-11-08,46.57400131225586,0.0
1474,2023-11-09,46.95000076293945,0.0
1475,2023-11-10,48.334999084472656,0.0
1476,2023-11-13,48.619998931884766,0.0
1477,2023-11-14,49.65599822998047,0.0
1478,2023-11-15,48.88800048828125,0.0
1479,2023-11-16,49.47999954223633,0.0
1480,2023-11-17,49.29800033569336,0.0
1481,2023-11-20,50.409000396728516,0.0
1482,2023-11-21,49.944000244140625,0.0
1483,2023-11-22,48.715999603271484,0.0
1484,2023-11-24,47.7760009765625,0.0
1485,2023-11-27,48.242000579833984,0.0
1486,2023-11-28,47.82099914550781,0.0
1487,2023-11-29,48.13999938964844,0.0
1488,2023-11-30,46.77000045776367,0.0
1489,2023-12-01,46.76499938964844,0.0
1490,2023-12-04,45.5099983215332,0.0
1491,2023-12-05,46.566001892089844,0.0
1492,2023-12-06,45.50299835205078,0.0
1493,2023-12-07,46.59600067138672,0.0
1494,2023-12-08,47.50600051879883,0.0
1495,2023-12-11,46.62699890136719,0.0
1496,2023-12-12,47.65700149536133,0.0
1497,2023-12-13,48.0880012512207,0.0
1498,2023-12-14,48.349998474121094,0.0
1499,2023-12-15,48.88999938964844,0.0
1500,2023-12-18,50.07699966430664,0.0
1501,2023-12-19,49.604000091552734,0.0
1502,2023-12-20,48.111000061035156,0.0
1503,2023-12-21,48.9900016784668,0.0
1504,2023-12-22,48.83000183105469,0.0
1505,2023-12-26,49.27899932861328,0.0
1506,2023-12-27,49.41699981689453,0.0
1507,2023-12-28,49.52199935913086,0.0
1508,2023-12-29,49.52199935913086,0.0
1509,2024-01-02,48.167999267578125,0.0
1510,2024-01-03,47.569000244140625,0.0
1511,2024-01-04,47.99800109863281,0.0
1512,2024-01-05,49.09700012207031,0.0
1513,2024-01-08,52.25299835205078,0.0
1514,2024-01-09,53.13999938964844,0.0
1515,2024-01-10,54.349998474121094,0.0
1516,2024-01-11,54.821998596191406,0.0
1517,2024-01-12,54.709999084472656,0.0
1518,2024-01-16,56.38199996948242,0.0
1519,2024-01-17,56.053001403808594,0.0
1520,2024-01-18,57.106998443603516,0.0
1521,2024-01-19,59.49100112915039,0.0
1522,2024-01-22,59.65399932861328,0.0
1523,2024-01-23,59.87300109863281,0.0
1524,2024-01-24,61.36199951171875,0.0
1525,2024-01-25,61.617000579833984,0.0
1526,2024-01-26,61.03099822998047,0.0
1527,2024-01-29,62.46500015258789,0.0
1528,2024-01-30,62.77399826049805,0.0
1529,2024-01-31,61.527000427246094,0.0
1530,2024-02-01,63.027000427246094,0.0
1531,2024-02-02,66.16000366210938,0.0
1532,2024-02-05,69.33200073242188,0.0
1533,2024-02-06,68.2229995727539,0.0
1534,2024-02-07,70.0989990234375,0.0
1535,2024-02-08,69.64099884033203,0.0
1536,2024-02-09,72.13300323486328,0.0
1537,2024-02-12,72.24800109863281,0.0
1538,2024-02-13,72.12799835205078,0.0
1539,2024-02-14,73.9000015258789,0.0
1540,2024-02-15,72.65799713134766,0.0
1541,2024-02-16,72.61299896240234,0.0
1542,2024-02-20,69.4520034790039,0.0
1543,2024-02-21,67.47200012207031,0.0
1544,2024-02-22,78.53800201416016,0.0
1545,2024-02-23,78.81700134277344,0.0
1546,2024-02-26,79.09200286865234,0.0
1547,2024-02-27,78.70099639892578,0.0
1548,2024-02-28,77.66300201416016,0.0
1549,2024-02-29,79.11199951171875,0.0
1550,2024-03-01,82.27899932861328,0.0
1551,2024-03-04,85.23699951171875,0.0
1552,2024-03-05,85.96399688720703,0.0
1553,2024-03-06,88.69999694824219,0.0
1554,2024-03-07,92.66899871826172,0.0
1555,2024-03-08,87.52799987792969,0.0
1556,2024-03-11,85.77400207519531,0.0
1557,2024-03-12,91.91300201416016,0.0
1558,2024-03-13,90.88800048828125,0.0
1559,2024-03-14,87.94400024414062,0.0
1560,2024-03-15,87.83699798583984,0.0
1561,2024-03-18,88.45500183105469,0.0
1562,2024-03-19,89.39800262451172,0.0
1563,2024-03-20,90.37200164794922,0.0
1564,2024-03-21,91.43499755859375,0.0
1565,2024-03-22,94.28900146484375,0.0
1566,2024-03-25,95.00199890136719,0.0
1567,2024-03-26,92.56099700927734,0.0
1568,2024-03-27,90.25,0.0
1569,2024-03-28,90.35600280761719,0.0
1570,2024-04-01,90.36299896240234,0.0
1571,2024-04-02,89.4520034790039,0.0
1572,2024-04-03,88.96399688720703,0.0
1573,2024-04-04,85.90499877929688,0.0
1574,2024-04-05,88.00800323486328,0.0
1575,2024-04-08,87.13300323486328,0.0
1576,2024-04-09,85.35399627685547,0.0
1577,2024-04-10,87.03900146484375,0.0
1578,2024-04-11,90.61599731445312,0.0
1579,2024-04-12,88.18599700927734,0.0
1580,2024-04-15,86.0009994506836,0.0
1581,2024-04-16,87.41500091552734,0.0
1582,2024-04-17,84.03500366210938,0.0
1583,2024-04-18,84.6709976196289,0.0
1584,2024-04-19,76.19999694824219,0.0
1585,2024-04-22,79.51799774169922,0.0
1586,2024-04-23,82.4229965209961,0.0
1587,2024-04-24,79.677001953125,0.0
1588,2024-04-25,82.63200378417969,0.0
1589,2024-04-26,87.73500061035156,0.0
1590,2024-04-29,87.75700378417969,0.0
1591,2024-04-30,86.4020004272461,0.0
1592,2024-05-01,83.04100036621094,0.0
1593,2024-05-02,85.81700134277344,0.0
1594,2024-05-03,88.78900146484375,0.0
1595,2024-05-06,92.13999938964844,0.0
1596,2024-05-07,90.55400085449219,0.0
1597,2024-05-08,90.41200256347656,0.0
1598,2024-05-09,88.74700164794922,0.0
1599,2024-05-10,89.87799835205078,0.0
1600,2024-05-13,90.39900207519531,0.0
1601,2024-05-14,91.35600280761719,0.0
1602,2024-05-15,94.62999725341797,0.0
1603,2024-05-16,94.35900115966797,0.0
1604,2024-05-17,92.47899627685547,0.0
1605,2024-05-20,94.77999877929688,0.0
1606,2024-05-21,95.38600158691406,0.0
1607,2024-05-22,94.94999694824219,0.0
1608,2024-05-23,103.79900360107422,0.0
1609,2024-05-24,106.46900177001953,0.0
1610,2024-05-28,113.9010009765625,0.0
1611,2024-05-29,114.82499694824219,0.0
1612,2024-05-30,110.5,0.0
1613,2024-05-31,109.63300323486328,0.0
1614,2024-06-03,115.0,0.0
1615,2024-06-04,116.43699645996094,0.0
1616,2024-06-05,122.44000244140625,0.0
1617,2024-06-06,120.99800109863281,0.0
1618,2024-06-07,120.88800048828125,0.0
1619,2024-06-10,121.79000091552734,0.0
1620,2024-06-11,120.91000366210938,0.0
1621,2024-06-12,125.19999694824219,0.0
1622,2024-06-13,129.61000061035156,0.0
1623,2024-06-14,131.8800048828125,0.0
1624,2024-06-17,130.97999572753906,0.0
1625,2024-06-18,135.5800018310547,0.0
1626,2024-06-20,130.77999877929688,0.0
1627,2024-06-21,126.56999969482422,0.0
1628,2024-06-24,118.11000061035156,0.0
1629,2024-06-25,126.08999633789062,0.0
1630,2024-06-26,126.4000015258789,0.0
1631,2024-06-27,123.98999786376953,0.0
1632,2024-06-28,123.54000091552734,0.0
1633,2024-07-01,124.30000305175781,0.0
1634,2024-07-02,122.66999816894531,0.0
1635,2024-07-03,128.27999877929688,0.0
1636,2024-07-05,125.83000183105469,0.0
1637,2024-07-08,128.1999969482422,0.0
1638,2024-07-09,131.3800048828125,0.0
1639,2024-07-10,134.91000366210938,0.0
1640,2024-07-11,127.4000015258789,0.0
1641,2024-07-12,129.24000549316406,0.0
1642,2024-07-15,128.44000244140625,0.0
1643,2024-07-16,126.36000061035156,0.0
1644,2024-07-17,117.98999786376953,0.0
1645,2024-07-18,121.08999633789062,0.0
1646,2024-07-19,117.93000030517578,0.0
1647,2024-07-22,123.54000091552734,0.0
1648,2024-07-23,122.58999633789062,0.0
1649,2024-07-24,114.25,0.0
1650,2024-07-25,112.27999877929688,0.0
1651,2024-07-26,113.05999755859375,0.0
1652,2024-07-29,111.58999633789062,0.0
1653,2024-07-30,103.7300033569336,0.0
1654,2024-07-31,117.0199966430664,0.0
1655,2024-08-01,109.20999908447266,0.0
1656,2024-08-02,107.2699966430664,0.0
1657,2024-08-05,100.44999694824219,0.0
1658,2024-08-06,104.25,0.0
1659,2024-08-07,98.91000366210938,0.0
1660,2024-08-08,104.97000122070312,0.0
1661,2024-08-09,104.75,0.0
1662,2024-08-12,109.0199966430664,0.0
1663,2024-08-13,116.13999938964844,0.0
1664,2024-08-14,118.08000183105469,0.0
1665,2024-08-15,122.86000061035156,0.0
1666,2024-08-16,124.58000183105469,0.0
1667,2024-08-19,130.0,0.0
1668,2024-08-20,127.25,0.0
1669,2024-08-21,128.5,0.0
1670,2024-08-22,123.73999786376953,0.0
1671,2024-08-23,129.3699951171875,0.0
1672,2024-08-26,126.45999908447266,0.0
1673,2024-08-27,128.3000030517578,0.0
1674,2024-08-28,125.61000061035156,0.0
1675,2024-08-29,117.58999633789062,0.0
1676,2024-08-30,119.37000274658203,0.0
1677,2024-09-03,108.0,0.0
1678,2024-09-04,106.20999908447266,0.0
1679,2024-09-05,107.20999908447266,0.0
1680,2024-09-06,102.83000183105469,0.0
1681,2024-09-09,106.47000122070312,0.0
1682,2024-09-10,108.0999984741211,0.0
1683,2024-09-11,116.91000366210938,0.0
1684,2024-09-12,119.13999938964844,0.0
1685,2024-09-13,119.0999984741211,0.0
1686,2024-09-16,116.77999877929688,0.0
1687,2024-09-17,115.58999633789062,0.0
1688,2024-09-18,113.37000274658203,0.0
1689,2024-09-19,117.87000274658203,0.0
1690,2024-09-20,116.0,0.0
1691,2024-09-23,116.26000213623047,0.0
1692,2024-09-24,120.87000274658203,0.0
1693,2024-09-25,123.51000213623047,0.0
1694,2024-09-26,124.04000091552734,0.0
1695,2024-09-27,121.4000015258789,0.0
1696,2024-09-30,121.44000244140625,0.0
1697,2024-10-01,117.0,0.0
1698,2024-10-02,118.85,0.0
1699,2024-10-03,122.85,0.0
1700,2024-10-04,124.92,0.0
1701,2024-10-07,127.72,0.0
1702,2024-10-08,132.89,0.0
1703,2024-10-09,132.65,0.0
1704,2024-10-10,134.81,0.0
1705,2024-10-11,134.8,0.0
1706,2024-10-14,138.07,0.0
1707,2024-10-15,131.6,0.0
1708,2024-10-16,135.72,0.0
1709,2024-10-17,136.93,0.0
1710,2024-10-18,138.0,0.0
1711,2024-10-21,143.71,0.0
1712,2024-10-22,143.59,0.0
1713,2024-10-23,139.56,0.0
1714,2024-10-24,140.41,0.0
1715,2024-10-25,141.54,0.0
1716,2024-10-28,140.52,0.0
1717,2024-10-29,141.25,0.0
1718,2024-10-30,139.335,0.0
1719,2024-10-31,132.76,0.0
1720,2024-11-01,135.3699,0.0
1721,2024-11-04,136.05,0.0
1722,2024-11-05,139.91,0.0
1723,2024-11-06,145.61,0.0
1724,2024-11-07,148.88,0.0
1725,2024-11-08,147.63,0.0
1726,2024-11-11,145.26,0.0
1727,2024-11-12,148.29,0.0
1728,2024-11-13,146.27,0.0
1729,2024-11-14,146.76,0.0
1730,2024-11-15,141.98,0.0
1731,2024-11-18,140.15,0.0
1732,2024-11-19,147.01,0.0
1733,2024-11-20,145.89,0.0
1734,2024-11-21,146.67,0.0
1735,2024-11-22,141.95,0.0
1736,2024-11-25,136.02,0.0
1737,2024-11-26,136.92,0.0
1738,2024-11-27,135.34,0.0
1739,2024-11-29,138.25,0.0
1740,2024-12-02,138.63,0.0
1741,2024-12-03,140.26,0.0
1742,2024-12-04,145.14,0.0
1743,2024-12-05,145.06,0.0
1744,2024-12-06,142.44,0.0
1745,2024-12-09,138.81,0.0
1746,2024-12-10,135.07,0.0
1747,2024-12-11,139.31,0.0
1748,2024-12-12,137.34,0.0
1749,2024-12-13,134.25,0.0
1750,2024-12-16,132.0,0.0
1751,2024-12-17,130.39,0.0
1752,2024-12-18,128.91,0.0
1753,2024-12-19,130.68,0.0
1754,2024-12-20,134.7,0.0
1755,2024-12-23,139.67,0.0
1756,2024-12-24,140.22,0.0
1757,2024-12-26,139.93,0.0
1758,2024-12-27,137.01,0.0
1759,2024-12-30,137.49,0.0
1760,2024-12-31,134.29,0.0
1761,2025-01-02,138.31,0.0
1762,2025-01-03,144.47,0.0
1763,2025-01-06,149.43,0.0
1764,2025-01-07,140.14,0.0
1765,2025-01-08,140.11,0.0
1766,2025-01-10,135.91,0.0
1767,2025-01-13,133.23,0.0
1768,2025-01-14,131.76,0.0
1769,2025-01-15,136.24,0.0
1770,2025-01-16,133.57,0.0
1771,2025-01-17,137.71,0.0
1772,2025-01-21,140.83,0.0
1773,2025-01-22,147.07,0.0
1774,2025-01-23,147.22,0.0
1775,2025-01-24,142.62,0.0
1776,2025-01-27,118.42,0.0
1777,2025-01-28,128.99,0.0
1778,2025-01-29,123.7,0.0
1779,2025-01-30,124.65,0.0
1780,2025-01-31,120.07,0.0
1781,2025-02-03,116.66,0.0
1782,2025-02-04,118.65,0.0
1783,2025-02-05,124.83,0.0
1784,2025-02-06,128.68,0.0
1785,2025-02-07,129.84,0.0
1786,2025-02-10,130.09,0.0
1787,2025-02-11,132.58,0.0
1788,2025-02-12,130.02,0.0
1789,2025-02-13,135.29,0.0
1790,2025-02-14,138.85,0.0
1791,2025-02-18,139.4,0.0
1792,2025-02-19,139.23,0.0
1793,2025-02-20,140.11,0.0
1794,2025-02-21,134.43,0.0
1795,2025-02-24,130.28,0.0
1796,2025-02-25,123.63,0.0
1797,2025-02-26,131.28,0.0
1798,2025-02-27,120.15,0.0
1799,2025-02-28,0.0,122.4035
1800,2025-03-03,0.0,122.849
1801,2025-03-04,0.0,122.9532
1802,2025-03-05,0.0,123.5103
1803,2025-03-06,0.0,125.217
1804,2025-03-07,0.0,124.715
1805,2025-03-10,0.0,126.8309
1806,2025-03-11,0.0,128.2743
1807,2025-03-12,0.0,130.7012
1808,2025-03-13,0.0,131.9468
1809,2025-03-14,0.0,132.1891
1810,2025-03-17,0.0,131.1869
1811,2025-03-18,0.0,131.1501
1812,2025-03-19,0.0,137.1304
1813,2025-03-20,0.0,139.3376
1814,2025-03-21,0.0,141.5323
1815,2025-03-24,0.0,141.7334
1816,2025-03-25,0.0,143.3708
1817,2025-03-26,0.0,140.1119
1818,2025-03-27,0.0,140.2421
1819,2025-03-28,0.0,140.8144
1820,2025-03-31,0.0,141.1199
1821,2025-04-01,0.0,142.7646
1822,2025-04-02,0.0,143.3973
1823,2025-04-03,0.0,142.7987
1824,2025-04-04,0.0,142.6628
1825,2025-04-07,0.0,142.5268
1826,2025-04-08,0.0,143.1837
1827,2025-04-09,0.0,143.1724
1828,2025-04-10,0.0,142.164
1829,2025-04-11,0.0,142.869
1830,2025-04-14,0.0,143.9079
1831,2025-04-15,0.0,144.5663
1832,2025-04-16,0.0,144.8304
1833,2025-04-17,0.0,143.0844
1834,2025-04-18,0.0,143.1597
1835,2025-04-21,0.0,144.1986
1836,2025-04-22,0.0,142.5695
1837,2025-04-23,0.0,143.7538
1838,2025-04-24,0.0,143.8358
